target,mae,rmse,residual_mean,residual_std,residual_median,residual_p10,residual_p90
y_target_temp_main,2.6044157355019237,2.956146088413445,2.5580899552990557,1.4815449627467228,2.5695999999999977,0.6419484000000012,4.462611
y_target_temp_toilet,11.228740092619798,11.301870650918522,11.228740092619798,1.2836183788362472,11.245363,9.5079292,12.9311805
y_target_light,15.305279403497728,18.578677629518435,8.60383244309199,16.466369659180085,8.971842,-13.141559,30.6937028
y_target_sound,9.450140341378104,11.946284546478235,4.6661796002798175,10.997294321939247,3.7854259999999993,-9.889766,20.031183600000002
