event_type,rows,mae_y_target_temp_main,mae_y_target_temp_toilet,mae_y_target_light,mae_y_target_sound,airflow_accuracy,airflow_f1
medication,14294,2.6044574055547782,11.228794273541345,15.304469571218693,9.448940011333427,0.3127885826220792,0.47652544630961896
symptom,1,2.0087839999999986,10.454278,26.881022,26.607658,1.0,1.0
