mae_y_target_temp_main,mae_y_target_temp_toilet,mae_y_target_light,mae_y_target_sound,airflow_accuracy,airflow_f1,composite_loss
2.6044157350692934,11.228740091417919,15.305279401917273,9.45014034323277,0.3128366561734872,0.4765812330153994,10.170562659893914
