{
  "targets": [
    "y_temp_main",
    "y_temp_toilet",
    "y_light",
    "y_sound",
    "y_airflow"
  ],
  "rounds": 3,
  "rooms_simulated": 20,
  "weights_out_dir": "C:\\Users\\mmasc\\OneDrive - Universitetet i Stavanger\\Thesis\\Fl4Hospital\\ai\\fl_weights_sim",
  "mae_y_temp_main": 1.307045581843652,
  "mae_y_temp_toilet": 1.385045024978089,
  "mae_y_light": 14.11058459482689,
  "mae_y_sound": 8.926976445495798,
  "rmse_y_temp_main": 1.6320701242558855,
  "rmse_y_temp_toilet": 1.7389982868246652,
  "rmse_y_light": 16.63221669964271,
  "rmse_y_sound": 11.173693741475113,
  "regression_correct": 89,
  "regression_wrong": 3686,
  "regression_correct_rate": 0.02357615894039735,
  "airflow_accuracy": 0.6278145695364239,
  "airflow_precision": 0.0,
  "airflow_recall": 0.0,
  "airflow_f1": 0.0,
  "airflow_correct": 2370,
  "airflow_incorrect": 1405,
  "airflow_tp": 0,
  "airflow_tn": 2370,
  "airflow_fp": 0,
  "airflow_fn": 1405,
  "change_accuracy": 0.2590728476821192,
  "change_precision": 0.2590728476821192,
  "change_recall": 1.0,
  "change_f1": 0.41152720073018967,
  "change_correct": 978,
  "change_incorrect": 2797,
  "change_tp": 978,
  "change_tn": 0,
  "change_fp": 2797,
  "change_fn": 0,
  "evaluated_examples": 3775
}